_id,count
DFIYG,1
CSSNV,1
FIIGQ,1
EVWLC,1
AVHNQ,1
EHVIF,1
DYFAH,1
FMTLE,1
CHWNW,1
DIQNC,1
CIISQ,1
CYLWH,1
FQSLW,1
FPFKC,1
FHICG,1
DDMKF,1
EGWTW,1
DCKRD,1
ENWPD,1
CNKHC,1
ADMPP,1
AEVHF,1
CNTRY,1
ADRIC,1
ECWKM,1
AEQTM,1
FFCCN,1
FNEMG,1
EMCEV,1
DDVGM,1
ETFHK,1
AMVIP,1
DWWCF,1
CGPIY,1
FNKDI,1
CGEWF,1
FDGAH,1
FQRCM,1
ARIEP,1
EMAPH,1
ACPWL,1
CICEW,1
CILKI,1
DMQQN,1
FFMQR,1
FDMPM,1
ETICI,1
DPEWV,1
FSDKF,1
FQMGE,1
ASYFM,1
ATYQW,1
FMFWN,1
CAVRW,1
DWWGQ,1
CKGYN,1
EQNEW,1
CNYAH,1
EVQCC,1
CKGSD,1
DVHRW,1
DSFHQ,1
ADQIN,1
AHVKY,1
DTWHI,1
FQCHK,1
AHDCQ,1
FRWVK,1
CNWFG,1
CFRIW,1
ARWIM,1
EMTHL,1
ALNYM,1
EMPMM,1
CNYHS,1
CKCSY,1
EEQMW,1
ACWDC,1
DQMNI,1
FDTTW,1
ERCHI,1
CDRRH,1
FTAWA,1
DRWSM,1
CNWWW,1
DQHPI,1
DQAMY,1
CDVWQ,1
CLAHA,1
DNWAC,1
DEKCR,1
FHIHV,1
AMVDT,1
FHRHW,1
AHEKW,1
DHWLG,1
ACFWW,1
AIMYM,1
FRVVN,1
CCWWG,1