Sequence,count
SSSS,4047
EEEE,3889
LLLL,3818
PPPP,3340
AAAA,3019
LLLA,2572
SSSL,2508
LEEL,2367
SLSS,2305
SSSP,2279
SLLL,2259
ALLL,2245
LSLL,2241
SSLS,2239
SEEE,2210
LSSS,2204
PSSS,2201
LLSL,2187
SSSG,2186
LLAL,2171
SSGS,2156
LLLS,2146
GGGG,2129
SSPS,2127
LEEE,2102
EEED,2101
LSSL,2092
GSSS,2068
ASSS,2047
LALL,2043
EEEL,2035
EELE,2033
PPPA,2031
LLLG,2025
PPAP,2007
PLPP,2005
EEEK,2000
SSLL,1998
SGSS,1994
DEEE,1991
SSAS,1988
LGLL,1982
LPPP,1979
LLGL,1964
EDEE,1959
SASS,1949
SPSS,1948
PSSP,1946
SPSP,1945
LLAA,1941
STSS,1940
LAAL,1937
VLLL,1916
TSSS,1916
AAAL,1896
LLSS,1891
SSSA,1877
SSSE,1866
EELL,1846
PPPS,1833
LLLP,1829
LLVL,1814
SLLS,1802
PAPP,1802
AAAG,1801
EEEA,1796
KEEE,1790
LAAA,1789
SSTS,1787
LLEE,1771
SSST,1755
PLLL,1745
LELL,1741
EEEEE,1728
LPLL,1720
SPPP,1720
PPLP,1713
LASL,1710
GLLL,1702
PPSP,1700
SLEE,1699
APPP,1696
LRLL,1674
EEDE,1669
PPPL,1666
AALL,1665
LQEL,1643
LLEK,1643
ELEE,1642
RSSS,1639
SVSS,1636
LLPL,1632
RLLL,1622
LEKL,1621
LLLV,1619
AALA,1618
ELEK,1617
PSPP,1614
PAPA,1610
PPGP,1607
